{"weekday":1,"hour":0,"avg_speed":63.935199503780346,"avg_prob_congestion":0.016958171895817498,"count":204}
{"weekday":1,"hour":1,"avg_speed":64.17818239047621,"avg_prob_congestion":0.025649683016995127,"count":204}
{"weekday":1,"hour":2,"avg_speed":63.54964689326177,"avg_prob_congestion":0.04243813760336651,"count":204}
{"weekday":1,"hour":3,"avg_speed":63.45588067411951,"avg_prob_congestion":0.030725860769274336,"count":204}
{"weekday":1,"hour":4,"avg_speed":63.062829754750446,"avg_prob_congestion":0.03051356897678846,"count":204}
{"weekday":1,"hour":5,"avg_speed":63.07332103196666,"avg_prob_congestion":0.03483650910114719,"count":204}
{"weekday":1,"hour":6,"avg_speed":63.48316997558584,"avg_prob_congestion":0.053487131080180675,"count":204}
{"weekday":1,"hour":7,"avg_speed":64.14326931696925,"avg_prob_congestion":0.045261621082834866,"count":204}
{"weekday":1,"hour":8,"avg_speed":64.615133084359,"avg_prob_congestion":0.041292544068616016,"count":204}
{"weekday":1,"hour":9,"avg_speed":64.4591348247722,"avg_prob_congestion":0.04276905235622044,"count":204}
{"weekday":1,"hour":10,"avg_speed":63.76807184771325,"avg_prob_congestion":0.045400548758361435,"count":204}
{"weekday":1,"hour":11,"avg_speed":62.41526047934689,"avg_prob_congestion":0.05076626489337393,"count":204}
{"weekday":1,"hour":12,"avg_speed":61.12924853075087,"avg_prob_congestion":0.15642023026679072,"count":204}
{"weekday":1,"hour":13,"avg_speed":59.549648612026786,"avg_prob_congestion":0.3079734862992242,"count":204}
{"weekday":1,"hour":14,"avg_speed":59.769686793370454,"avg_prob_congestion":0.29201427907214983,"count":204}
{"weekday":1,"hour":15,"avg_speed":60.4626751472473,"avg_prob_congestion":0.2326102121323448,"count":204}
{"weekday":1,"hour":16,"avg_speed":60.731399782614645,"avg_prob_congestion":0.24471117986094895,"count":204}
{"weekday":1,"hour":17,"avg_speed":60.99006328810586,"avg_prob_congestion":0.22534007804686443,"count":204}
{"weekday":1,"hour":18,"avg_speed":62.00694932430131,"avg_prob_congestion":0.14343804337895408,"count":204}
{"weekday":1,"hour":19,"avg_speed":63.064659201427254,"avg_prob_congestion":0.06902116722479838,"count":204}
{"weekday":1,"hour":20,"avg_speed":62.77426795851681,"avg_prob_congestion":0.047052772421989464,"count":204}
{"weekday":1,"hour":21,"avg_speed":62.11214135001718,"avg_prob_congestion":0.12545545926687016,"count":204}
{"weekday":1,"hour":22,"avg_speed":62.59944024129885,"avg_prob_congestion":0.14305194228532764,"count":204}
{"weekday":1,"hour":23,"avg_speed":62.891921587162074,"avg_prob_congestion":0.12591833219794574,"count":153}
{"weekday":2,"hour":0,"avg_speed":63.08854909498843,"avg_prob_congestion":0.037315476944788074,"count":204}
{"weekday":2,"hour":1,"avg_speed":62.17858253796974,"avg_prob_congestion":0.04091674764278182,"count":204}
{"weekday":2,"hour":2,"avg_speed":61.32764776743387,"avg_prob_congestion":0.04459103137771162,"count":204}
{"weekday":2,"hour":3,"avg_speed":60.073123049970356,"avg_prob_congestion":0.08921550607974674,"count":204}
{"weekday":2,"hour":4,"avg_speed":60.6015735591872,"avg_prob_congestion":0.06522481972571013,"count":204}
{"weekday":2,"hour":5,"avg_speed":62.023559696426034,"avg_prob_congestion":0.027199318392128587,"count":204}
{"weekday":2,"hour":6,"avg_speed":59.6900003055472,"avg_prob_congestion":0.22037721095902976,"count":204}
{"weekday":2,"hour":7,"avg_speed":54.08259791227127,"avg_prob_congestion":0.821226943932318,"count":204}
{"weekday":2,"hour":8,"avg_speed":52.067149684698585,"avg_prob_congestion":0.856661698301707,"count":204}
{"weekday":2,"hour":9,"avg_speed":55.500164398696086,"avg_prob_congestion":0.7707123057117128,"count":204}
{"weekday":2,"hour":10,"avg_speed":58.68191115810791,"avg_prob_congestion":0.407140294248096,"count":204}
{"weekday":2,"hour":11,"avg_speed":59.95882094132713,"avg_prob_congestion":0.21033747359801244,"count":204}
{"weekday":2,"hour":12,"avg_speed":60.096842805807825,"avg_prob_congestion":0.18024580374880647,"count":204}
{"weekday":2,"hour":13,"avg_speed":59.648096072056596,"avg_prob_congestion":0.256568091746941,"count":204}
{"weekday":2,"hour":14,"avg_speed":59.077927022900255,"avg_prob_congestion":0.3629383734105012,"count":204}
{"weekday":2,"hour":15,"avg_speed":57.135195801106114,"avg_prob_congestion":0.668677818613596,"count":204}
{"weekday":2,"hour":16,"avg_speed":54.66988850807929,"avg_prob_congestion":0.8506892202845853,"count":204}
{"weekday":2,"hour":17,"avg_speed":52.397747999255735,"avg_prob_congestion":0.8759770020376653,"count":204}
{"weekday":2,"hour":18,"avg_speed":54.41530683324052,"avg_prob_congestion":0.8358841896038646,"count":204}
{"weekday":2,"hour":19,"avg_speed":60.88607466844149,"avg_prob_congestion":0.23225074902371198,"count":204}
{"weekday":2,"hour":20,"avg_speed":63.10151972849746,"avg_prob_congestion":0.04252311937958836,"count":204}
{"weekday":2,"hour":21,"avg_speed":63.168686694164215,"avg_prob_congestion":0.04358411608899222,"count":204}
{"weekday":2,"hour":22,"avg_speed":63.07057002500786,"avg_prob_congestion":0.04801681863989109,"count":204}
{"weekday":2,"hour":23,"avg_speed":62.633887009903,"avg_prob_congestion":0.05623919458340356,"count":153}
{"weekday":3,"hour":0,"avg_speed":61.7287799226745,"avg_prob_congestion":0.024225435492509693,"count":204}
{"weekday":3,"hour":1,"avg_speed":60.44700130120396,"avg_prob_congestion":0.059519935654086184,"count":204}
{"weekday":3,"hour":2,"avg_speed":59.19930426870121,"avg_prob_congestion":0.1630770218039909,"count":204}
{"weekday":3,"hour":3,"avg_speed":58.1000132879311,"avg_prob_congestion":0.36375920761404995,"count":204}
{"weekday":3,"hour":4,"avg_speed":59.133894152023814,"avg_prob_congestion":0.21124534561395159,"count":204}
{"weekday":3,"hour":5,"avg_speed":61.43917022212075,"avg_prob_congestion":0.04141861516883361,"count":204}
{"weekday":3,"hour":6,"avg_speed":59.00294247885095,"avg_prob_congestion":0.29871512565867364,"count":204}
{"weekday":3,"hour":7,"avg_speed":52.40909499995232,"avg_prob_congestion":0.9012607560881534,"count":204}
{"weekday":3,"hour":8,"avg_speed":49.44523145434704,"avg_prob_congestion":0.9617749628047719,"count":204}
{"weekday":3,"hour":9,"avg_speed":53.243749147980445,"avg_prob_congestion":0.8911820038580686,"count":204}
{"weekday":3,"hour":10,"avg_speed":56.477988566488186,"avg_prob_congestion":0.6957018704392818,"count":204}
{"weekday":3,"hour":11,"avg_speed":58.32831200395625,"avg_prob_congestion":0.45778840616586985,"count":204}
{"weekday":3,"hour":12,"avg_speed":59.10473935991807,"avg_prob_congestion":0.33425834318119907,"count":204}
{"weekday":3,"hour":13,"avg_speed":59.190285951065505,"avg_prob_congestion":0.32920695590103694,"count":204}
{"weekday":3,"hour":14,"avg_speed":57.96725712073112,"avg_prob_congestion":0.5357435086926298,"count":204}
{"weekday":3,"hour":15,"avg_speed":54.468521394064354,"avg_prob_congestion":0.8957947460587597,"count":204}
{"weekday":3,"hour":16,"avg_speed":50.55009002347519,"avg_prob_congestion":0.984010797264516,"count":204}
{"weekday":3,"hour":17,"avg_speed":47.10265335524664,"avg_prob_congestion":0.9994884209210273,"count":204}
{"weekday":3,"hour":18,"avg_speed":50.06345217152346,"avg_prob_congestion":0.9882846120514049,"count":204}
{"weekday":3,"hour":19,"avg_speed":58.16411715103007,"avg_prob_congestion":0.5225857067641013,"count":204}
{"weekday":3,"hour":20,"avg_speed":62.643652621367956,"avg_prob_congestion":0.04155038549708701,"count":204}
{"weekday":3,"hour":21,"avg_speed":63.07177639518462,"avg_prob_congestion":0.03351666715741626,"count":204}
{"weekday":3,"hour":22,"avg_speed":63.06360403317345,"avg_prob_congestion":0.031009488862934653,"count":204}
{"weekday":3,"hour":23,"avg_speed":62.80582658170047,"avg_prob_congestion":0.03139159290546115,"count":153}
{"weekday":4,"hour":0,"avg_speed":61.61751103414506,"avg_prob_congestion":0.03940833875976149,"count":204}
{"weekday":4,"hour":1,"avg_speed":60.4252916909942,"avg_prob_congestion":0.06809888746169832,"count":204}
{"weekday":4,"hour":2,