{"prediction_congested":0.0,"count":21870,"avg_prob":0.10152042046917331,"avg_speed":61.53242968818908}
{"prediction_congested":1.0,"count":12032,"avg_prob":0.9036742395442146,"avg_speed":52.79162773369842}
