{"prediction":0,"count":8685,"avg_speed":61.777641225375234,"avg_prob_congestion":0.13979340898745105}
{"prediction":1,"count":11657,"avg_speed":52.759324515458744,"avg_prob_congestion":0.8812102635477955}
{"prediction":2,"count":13560,"avg_speed":61.161419045240926,"avg_prob_congestion":0.11850193559175179}
