{"weekday":1,"avg_speed":62.58939878724845,"avg_prob_congestion":0.10701586075821887,"std_speed_weekday":2.7021934638504304,"count":4845}
{"weekday":2,"avg_speed":59.11229269568878,"avg_prob_congestion":0.33812435896545007,"std_speed_weekday":4.319185584338926,"count":4845}
{"weekday":3,"avg_speed":57.324210581864676,"avg_prob_congestion":0.45425945319551353,"std_speed_weekday":5.042944671093017,"count":4845}
{"weekday":4,"avg_speed":56.95347445961373,"avg_prob_congestion":0.47192390451455646,"std_speed_weekday":5.496591552418188,"count":4842}
{"weekday":5,"avg_speed":56.48147517550532,"avg_prob_congestion":0.5049515155862504,"std_speed_weekday":5.7285394781567645,"count":4838}
{"weekday":6,"avg_speed":56.411463300401465,"avg_prob_congestion":0.5104033022723037,"std_speed_weekday":5.766390448428426,"count":4842}
{"weekday":7,"avg_speed":60.134613237461224,"avg_prob_congestion":0.31708665900827887,"std_speed_weekday":3.3126449652455654,"count":4845}
