{"hour":0,"avg_speed":62.42307295582504,"avg_prob_congestion":0.02910732984598676,"std_speed_hour":1.7370780884686916,"count":1428}
{"hour":1,"avg_speed":61.75741543317356,"avg_prob_congestion":0.041001350984953486,"std_speed_hour":1.8704417413112933,"count":1428}
{"hour":2,"avg_speed":60.870549606982834,"avg_prob_congestion":0.09015374615403862,"std_speed_hour":2.046403123882417,"count":1428}
{"hour":3,"avg_speed":59.72602486063169,"avg_prob_congestion":0.21378969643170495,"std_speed_hour":2.181488396689864,"count":1428}
{"hour":4,"avg_speed":60.164491825190886,"avg_prob_congestion":0.14400479565535657,"std_speed_hour":1.769419072315419,"count":1428}
{"hour":5,"avg_speed":61.70228327598286,"avg_prob_congestion":0.047599589500679,"std_speed_hour":1.4508324092823297,"count":1428}
{"hour":6,"avg_speed":60.45560037981362,"avg_prob_congestion":0.19535847929603004,"std_speed_hour":2.6195695587575316,"count":1428}
{"hour":7,"avg_speed":56.44943687201992,"avg_prob_congestion":0.6075148629729126,"std_speed_hour":5.754772970551626,"count":1428}
{"hour":8,"avg_speed":54.52315336066209,"avg_prob_congestion":0.662601435418469,"std_speed_hour":7.089066892123992,"count":1428}
{"hour":9,"avg_speed":56.39125474843257,"avg_prob_congestion":0.6353688024618702,"std_speed_hour":5.51692443915965,"count":1428}
{"hour":10,"avg_speed":58.12099161587478,"avg_prob_congestion":0.5259386893159722,"std_speed_hour":3.645315724591972,"count":1428}
{"hour":11,"avg_speed":58.64121772170812,"avg_prob_congestion":0.44610574107838225,"std_speed_hour":2.545863169583243,"count":1428}
{"hour":12,"avg_speed":58.32920899134463,"avg_prob_congestion":0.4637289494587773,"std_speed_hour":2.735419421421715,"count":1428}
{"hour":13,"avg_speed":57.865668592140175,"avg_prob_congestion":0.508650462793089,"std_speed_hour":2.8819445199479485,"count":1428}
{"hour":14,"avg_speed":56.775903662476004,"avg_prob_congestion":0.6278755480016542,"std_speed_hour":3.567021618886253,"count":1428}
{"hour":15,"avg_speed":54.341243887436576,"avg_prob_congestion":0.7810459764060825,"std_speed_hour":4.914284883722388,"count":1428}
{"hour":16,"avg_speed":51.89350720523163,"avg_prob_congestion":0.8303723038656301,"std_speed_hour":6.10895059816736,"count":1426}
{"hour":17,"avg_speed":50.53333741624819,"avg_prob_congestion":0.8269389257097193,"std_speed_hour":6.888783222765456,"count":1417}
{"hour":18,"avg_speed":53.21676921830564,"avg_prob_congestion":0.7753027291367652,"std_speed_hour":5.970162417588846,"count":1428}
{"hour":19,"avg_speed":59.13713600546684,"avg_prob_congestion":0.4319468387221859,"std_speed_hour":3.689601215814221,"count":1428}
{"hour":20,"avg_speed":62.13892008799582,"avg_prob_congestion":0.09251103583559434,"std_speed_hour":1.6545525408325936,"count":1428}
{"hour":21,"avg_speed":62.614999865723945,"avg_prob_congestion":0.06835692703294517,"std_speed_hour":1.5135453798505358,"count":1428}
{"hour":22,"avg_speed":62.638034572529,"avg_prob_congestion":0.07608652039749798,"std_speed_hour":1.581647961637168,"count":1428}
{"hour":23,"avg_speed":62.585022084363615,"avg_prob_congestion":0.07349578614303798,"std_speed_hour":1.4714865215436834,"count":1071}
