{
  "timestamp": 1761397802,
  "durations": {
    "read_and_clean": 95.11391615867615,
    "kmeans": 58.84155225753784,
    "prediction": 391.8780860900879,
    "plot_local": 3.398094654083252,
    "optimize_signals": 14.224878311157227,
    "analytics": 49.682873249053955,
    "total": 613.1396026611328
  },
  "metadata": {
    "horizon_min": 15,
    "freq_min": 5,
    "best_k": 3,
    "output": "hdfs://localhost:9000/results/metr_la"
  }
}